1,2013-03-13 02:15:00.433000000,0,0,1700,{ },{ok}
2,2013-03-13 02:30:00.337000000,0,0,1880,{ },{ok}
3,2013-03-13 02:45:00.237000000,0,0,2080,{ },{ok}
4,2013-03-13 03:00:01.510000000,0,0,2260,{ },{ok}
5,2013-03-13 03:15:00.193000000,0,0,2440,{ },{ok}
6,2013-03-13 03:30:00.437000000,0,0,2620,{ },{ok}
7,2013-03-13 03:45:00.520000000,0,0,2800,{ },{ok}
8,2013-03-13 04:00:00.323000000,0,0,2980,{ },{ok}
9,2013-03-13 04:15:00.417000000,0,0,3160,{ },{ok}
10,2013-03-13 04:30:01.450000000,0,0,3360,{ },{ok}
11,2013-03-13 04:45:00.453000000,0,0,3540,{ },{ok}
12,2013-03-13 05:00:00.453000000,0,0,3720,{ },{ok}
13,2013-03-13 05:15:00.517000000,0,0,3900,{ },{ok}
14,2013-03-13 05:30:00.353000000,0,0,4080,{ },{ok}
15,2013-03-13 05:45:00.177000000,0,0,4260,{ },{ok}
16,2013-03-13 06:00:00.443000000,0,0,4460,{ },{ok}
17,2013-03-13 06:15:00.503000000,0,0,4640,{ },{ok}
18,2013-03-13 06:30:01.377000000,0,0,4860,{ },{ok}
19,2013-03-13 06:45:00.427000000,0,0,5140,{ },{ok}
20,2013-03-13 07:00:00.550000000,0,0,5420,{ },{ok}
21,2013-03-13 07:15:00.363000000,0,0,5700,{ },{ok}
22,2013-03-13 07:30:00.513000000,0,0,5980,{ },{ok}
23,2013-03-13 07:45:00.327000000,0,0,6280,{ },{ok}
24,2013-03-13 08:00:00.463000000,0,0,6580,{ },{ok}
25,2013-03-13 08:15:00.440000000,0,0,6900,{ },{ok}
26,2013-03-13 08:30:00.710000000,0,0,7200,{ },{ok}
27,2013-03-13 08:45:00.093000000,0,0,7520,{ },{ok}
28,2013-03-13 09:00:00.813000000,0,0,7840,{ },{ok}
29,2013-03-13 09:15:00.533000000,0,0,8160,{ },{ok}
30,2013-03-13 09:30:00.497000000,0,0,8460,{ },{ok}
31,2013-03-13 09:45:00.447000000,0,0,8780,{ },{ok}
32,2013-03-13 10:00:00.527000000,0,0,9100,{ },{ok}
33,2013-03-13 10:15:00.583000000,0,0,9400,{ },{ok}
34,2013-03-13 10:30:00.520000000,0,0,9720,{ },{ok}
35,2013-03-13 10:45:00.380000000,0,0,10020,{ },{ok}
36,2013-03-13 11:00:00.457000000,0,0,10320,{ },{ok}
37,2013-03-13 11:15:00.623000000,0,0,10640,{ },{ok}
38,2013-03-13 11:30:00.237000000,0,0,10940,{ },{ok}
39,2013-03-13 11:45:00.817000000,0,0,11240,{ },{ok}
40,2013-03-13 12:00:00.617000000,0,0,11560,{ },{ok}
41,2013-03-13 12:15:00.587000000,0,0,11860,{ },{ok}
42,2013-03-13 12:30:00.587000000,1,0,12180,{start},{ok}
43,2013-03-13 12:45:00.610000000,0,0,12480,{ },{ok}
44,2013-03-13 13:00:00.910000000,0,0,12800,{ },{ok}
45,2013-03-13 13:15:00.837000000,0,0,13100,{ },{ok}
46,2013-03-13 13:30:00.687000000,0,0,13420,{ },{ok}
47,2013-03-13 13:45:00.893000000,0,0,13740,{ },{ok}
48,2013-03-13 14:00:00.923000000,0,0,14060,{ },{ok}
49,2013-03-13 14:15:01.343000000,0,0,14380,{ },{ok}
50,2013-03-13 14:30:01.997000000,0,0,14700,{ },{ok}
51,2013-03-13 14:45:00.827000000,0,0,15020,{ },{ok}
52,2013-03-13 15:00:00.723000000,0,0,15340,{ },{ok}
53,2013-03-13 15:15:00.643000000,0,0,15640,{ },{ok}
54,2013-03-13 15:30:00.713000000,0,0,15960,{ },{ok}
55,2013-03-13 15:45:00.837000000,0,0,16280,{ },{ok}
56,2013-03-13 16:00:00.900000000,0,0,16580,{ },{ok}
57,2013-03-13 16:15:01.677000000,0,0,16920,{ },{ok}
58,2013-03-13 16:30:00.447000000,0,0,17240,{ },{ok}
59,2013-03-13 16:45:00.627000000,0,0,17540,{ },{ok}
60,2013-03-13 17:00:00.560000000,0,0,17860,{ },{ok}
61,2013-03-13 17:15:00.940000000,0,0,18180,{ },{ok}
62,2013-03-13 17:30:00.687000000,0,0,18500,{ },{ok}
63,2013-03-13 17:45:00.650000000,0,0,18800,{ },{ok}
64,2013-03-13 18:00:00.700000000,0,0,19100,{ },{ok}
65,2013-03-13 18:15:00.653000000,0,0,19400,{ },{ok}
66,2013-03-13 18:30:00.943000000,0,0,19700,{ },{ok}
67,2013-03-13 18:45:01.540000000,0,0,19980,{ },{ok}
68,2013-03-13 19:00:01.617000000,0,0,20280,{ },{ok}
69,2013-03-13 19:15:00.443000000,0,0,20460,{ },{ok}
70,2013-03-13 19:30:00.727000000,0,0,20660,{ },{ok}
71,2013-03-13 19:45:00.450000000,0,0,20860,{ },{ok}
72,2013-03-13 20:00:00.480000000,0,0,21040,{ },{ok}
73,2013-03-13 20:15:01.530000000,0,0,21220,{ },{ok}
74,2013-03-13 20:30:01.503000000,0,0,21420,{ },{ok}
75,2013-03-13 20:45:01.790000000,0,0,21600,{ },{ok}
76,2013-03-13 21:00:01.490000000,0,0,21780,{ },{ok}
77,2013-03-13 21:15:00.480000000,0,0,21900,{ },{ok}
78,2013-03-13 21:30:00.463000000,0,0,22020,{ },{ok}
79,2013-03-13 21:45:00.380000000,0,0,22140,{ },{ok}
80,2013-03-13 22:00:00.527000000,0,0,22240,{ },{ok}
81,2013-03-13 22:15:00.403000000,0,0,22360,{ },{ok}
82,2013-03-13 22:30:00.507000000,0,0,22460,{ },{ok}
83,2013-03-13 22:45:00.437000000,0,0,22580,{ },{ok}
84,2013-03-13 23:00:00.443000000,0,0,22700,{ },{ok}
85,2013-03-13 23:15:00.477000000,0,0,22800,{ },{ok}
86,2013-03-13 23:30:00.477000000,0,0,22920,{ },{ok}
87,2013-03-13 23:45:00.480000000,0,0,23020,{ },{ok}
88,2013-03-14 00:00:00.407000000,0,0,23140,{ },{ok}
89,2013-03-14 00:15:00.440000000,0,0,100,{ },{ok}
90,2013-03-14 00:30:00.467000000,0,0,200,{ },{ok}
91,2013-03-14 00:45:00.333000000,0,0,320,{ },{ok}
92,2013-03-14 01:00:00.467000000,0,0,420,{ },{ok}
93,2013-03-14 01:15:00.477000000,0,0,520,{ },{ok}
94,2013-03-14 01:30:00.460000000,0,0,620,{ },{ok}
95,2013-03-14 01:45:00.467000000,0,0,720,{ },{ok}
96,2013-03-14 02:00:00.467000000,0,0,820,{ },{ok}
97,2013-03-14 02:15:00.530000000,0,0,920,{ },{ok}
98,2013-03-14 02:30:00.463000000,0,0,1000,{ },{ok}
99,2013-03-14 02:45:00.467000000,0,0,1100,{ },{ok}
100,2013-03-14 03:00:00.457000000,0,0,1200,{ },{ok}
101,2013-03-14 03:15:00.477000000,0,0,1280,{ },{ok}
102,2013-03-14 03:30:01.467000000,0,0,1380,{ },{ok}
103,2013-03-14 03:45:00.493000000,0,0,1480,{ },{ok}
104,2013-03-14 04:00:00.510000000,0,0,1560,{ },{ok}
105,2013-03-14 04:15:00.530000000,0,0,1660,{ },{ok}
106,2013-03-14 04:30:00.487000000,0,0,1760,{ },{ok}
107,2013-03-14 04:45:00.407000000,0,0,1860,{ },{ok}
108,2013-03-14 05:00:00.497000000,0,0,1940,{ },{ok}
109,2013-03-14 05:15:00.357000000,0,0,2040,{ },{ok}
110,2013-03-14 05:30:00.497000000,0,0,2140,{ },{ok}
111,2013-03-14 05:45:00.347000000,0,0,2240,{ },{ok}
112,2013-03-14 06:00:00.457000000,0,0,2340,{ },{ok}
113,2013-03-14 06:15:00.353000000,0,0,2440,{ },{ok}
114,2013-03-14 06:30:00.437000000,0,0,2700,{ },{ok}
115,2013-03-14 06:45:00.350000000,0,0,2980,{ },{ok}
116,2013-03-14 07:00:00.427000000,0,0,3300,{ },{ok}
117,2013-03-14 07:15:00.380000000,0,0,3600,{ },{ok}
118,2013-03-14 07:30:00.413000000,0,0,3880,{ },{ok}
119,2013-03-14 07:45:00.367000000,0,0,4160,{ },{ok}
120,2013-03-14 08:00:00.410000000,0,0,4480,{ },{ok}
121,2013-03-14 08:15:00.380000000,0,0,4800,{ },{ok}
122,2013-03-14 08:30:00.427000000,0,0,5140,{ },{ok}
123,2013-03-14 08:45:00.380000000,0,0,5440,{ },{ok}
124,2013-03-14 09:00:00.407000000,0,0,5780,{ },{ok}
125,2013-03-14 09:15:00.390000000,0,0,6100,{ },{ok}
126,2013-03-14 09:30:00.167000000,0,0,6440,{ },{ok}
127,2013-03-14 09:45:00.450000000,0,0,6780,{ },{ok}
128,2013-03-14 10:00:00.463000000,0,0,7100,{ },{ok}
129,2013-03-14 10:15:01.743000000,0,0,7440,{ },{ok}
130,2013-03-14 10:30:00.533000000,0,0,7760,{ },{ok}
131,2013-03-14 10:45:00.130000000,0,0,8100,{ },{ok}
132,2013-03-14 11:00:00.527000000,0,0,8420,{ },{ok}
133,2013-03-14 11:15:01.373000000,0,0,8740,{ },{ok}
134,2013-03-14 11:30:01.417000000,0,0,9100,{ },{ok}
135,2013-03-14 11:45:01.473000000,0,0,9420,{ },{ok}
136,2013-03-14 12:00:00.510000000,0,0,9740,{ },{ok}
137,2013-03-14 12:15:00.133000000,0,0,10080,{ },{ok}
138,2013-03-14 12:30:00.463000000,0,0,10400,{ },{ok}
139,2013-03-14 12:45:00.480000000,0,0,10720,{ },{ok}
140,2013-03-14 13:00:00.467000000,0,0,11060,{ },{ok}
141,2013-03-14 13:15:00.460000000,0,0,11380,{ },{ok}
142,2013-03-14 13:30:00.480000000,0,0,11720,{ },{ok}
143,2013-03-14 13:45:00.460000000,0,0,12060,{ },{ok}
144,2013-03-14 14:00:00.477000000,0,0,12380,{ },{ok}
145,2013-03-14 14:15:00.520000000,0,0,12720,{ },{ok}
146,2013-03-14 14:30:00.153000000,0,0,13040,{ },{ok}
147,2013-03-14 14:45:00.477000000,0,0,13360,{ },{ok}
148,2013-03-14 15:00:01.457000000,0,0,13700,{ },{ok}
149,2013-03-14 15:15:00.467000000,0,0,14040,{ },{ok}
150,2013-03-14 15:30:00.480000000,0,0,14360,{ },{ok}
151,2013-03-14 15:45:01.470000000,0,0,14680,{ },{ok}
152,2013-03-14 16:00:00.523000000,0,0,15000,{ },{ok}
153,2013-03-14 16:15:00.467000000,0,0,15340,{ },{ok}
154,2013-03-14 16:30:01.470000000,0,0,15640,{ },{ok}
155,2013-03-14 16:45:00.460000000,0,0,15980,{ },{ok}
156,2013-03-14 17:00:00.483000000,0,0,16300,{ },{ok}
157,2013-03-14 17:15:00.453000000,0,0,16620,{ },{ok}
158,2013-03-14 17:30:00.453000000,0,0,16940,{ },{ok}
159,2013-03-14 17:45:00.457000000,0,0,17260,{ },{ok}
160,2013-03-14 18:00:00.460000000,0,0,17580,{ },{ok}
161,2013-03-14 18:15:00.483000000,0,0,17900,{ },{ok}
162,2013-03-14 18:30:00.477000000,0,0,18220,{ },{ok}
163,2013-03-14 18:45:00.493000000,0,0,18540,{ },{ok}
164,2013-03-14 19:00:00.527000000,0,0,18860,{ },{ok}
165,2013-03-14 19:15:00.363000000,0,0,19080,{ },{ok}
166,2013-03-14 19:30:00.477000000,0,0,19280,{ },{ok}
167,2013-03-14 19:45:00.383000000,0,0,19480,{ },{ok}
168,2013-03-14 20:00:00.067000000,0,0,19680,{ },{ok}
169,2013-03-14 20:15:00.480000000,0,0,19880,{ },{ok}
170,2013-03-14 20:30:01.470000000,0,0,20080,{ },{ok}
171,2013-03-14 20:45:01.843000000,0,0,20260,{ },{ok}
172,2013-03-14 21:00:00.073000000,0,0,20460,{ },{ok}
173,2013-03-14 21:15:00.510000000,0,0,20600,{ },{ok}
174,2013-03-14 21:30:00.530000000,0,0,20720,{ },{ok}
175,2013-03-14 21:45:00.507000000,0,0,20840,{ },{ok}
176,2013-03-14 22:00:00.237000000,0,0,20940,{ },{ok}
177,2013-03-14 22:15:00.543000000,0,0,21060,{ },{ok}
178,2013-03-14 22:30:00.397000000,0,0,21160,{ },{ok}
179,2013-03-14 22:45:00.513000000,0,0,21280,{ },{ok}
180,2013-03-14 23:00:00.423000000,0,0,21380,{ },{ok}
181,2013-03-14 23:15:00.517000000,0,0,21500,{ },{ok}
182,2013-03-14 23:30:00.567000000,0,0,21600,{ },{ok}
183,2013-03-14 23:45:00.547000000,0,0,21700,{ },{ok}
184,2013-03-15 00:00:00.520000000,0,0,21820,{ },{ok}
185,2013-03-15 00:15:00.720000000,0,0,100,{ },{ok}
186,2013-03-15 00:30:00.577000000,0,0,220,{ },{ok}
187,2013-03-15 00:45:01.560000000,0,0,320,{ },{ok}
188,2013-03-15 01:00:00.503000000,0,0,420,{ },{ok}
189,2013-03-15 01:15:00.463000000,0,0,520,{ },{ok}
190,2013-03-15 01:30:00.543000000,0,0,620,{ },{ok}
191,2013-03-15 01:45:00.407000000,0,0,740,{ },{ok}
192,2013-03-15 02:00:00.587000000,0,0,840,{ },{ok}
193,2013-03-15 02:15:00.447000000,0,0,940,{ },{ok}
194,2013-03-15 02:30:00.540000000,0,0,1040,{ },{ok}
195,2013-03-15 02:45:01.517000000,0,0,1140,{ },{ok}
196,2013-03-15 03:00:00.710000000,0,0,1240,{ },{ok}
197,2013-03-15 03:15:00.647000000,0,0,1340,{ },{ok}
198,2013-03-15 03:30:00.313000000,0,0,1440,{ },{ok}
199,2013-03-15 03:45:00.467000000,0,0,1560,{ },{ok}
200,2013-03-15 04:00:00.547000000,0,0,1660,{ },{ok}
201,2013-03-15 04:15:01.420000000,0,0,1760,{ },{ok}
202,2013-03-15 04:30:00.423000000,0,0,1860,{ },{ok}
203,2013-03-15 04:45:00.417000000,0,0,1960,{ },{ok}
204,2013-03-15 05:00:00.530000000,0,0,2060,{ },{ok}
205,2013-03-15 05:15:00.390000000,0,0,2160,{ },{ok}
206,2013-03-15 05:30:00.497000000,0,0,2280,{ },{ok}
207,2013-03-15 05:45:00.407000000,0,0,2380,{ },{ok}
208,2013-03-15 06:00:00.467000000,0,0,2480,{ },{ok}
209,2013-03-15 06:15:00.453000000,0,0,2660,{ },{ok}
210,2013-03-15 06:30:01.417000000,0,0,2940,{ },{ok}
211,2013-03-15 06:45:00.520000000,0,0,3240,{ },{ok}
212,2013-03-15 07:00:00.403000000,0,0,3560,{ },{ok}
213,2013-03-15 07:15:00.297000000,0,0,3860,{ },{ok}
214,2013-03-15 07:30:00.430000000,0,0,4140,{ },{ok}
215,2013-03-15 07:45:00.543000000,0,0,4440,{ },{ok}
216,2013-03-15 08:00:00.573000000,0,0,4760,{ },{ok}
217,2013-03-15 08:15:00.480000000,0,0,5080,{ },{ok}
218,2013-03-15 08:30:01.527000000,0,0,5400,{ },{ok}
219,2013-03-15 08:45:00.440000000,0,0,5720,{ },{ok}
220,2013-03-15 09:00:00.340000000,0,0,6060,{ },{ok}
221,2013-03-15 09:15:00.463000000,0,0,6380,{ },{ok}
222,2013-03-15 09:30:00.463000000,0,0,6720,{ },{ok}
223,2013-03-15 09:45:00.467000000,0,0,7060,{ },{ok}
224,2013-03-15 10:00:00.497000000,0,0,7380,{ },{ok}
225,2013-03-15 10:15:00.473000000,0,0,7720,{ },{ok}
226,2013-03-15 10:30:00.547000000,0,0,8040,{ },{ok}
227,2013-03-15 10:45:00.527000000,0,0,8360,{ },{ok}
228,2013-03-15 11:00:00.610000000,0,0,8700,{ },{ok}
229,2013-03-15 11:15:00.490000000,0,0,9040,{ },{ok}
230,2013-03-15 11:30:00.443000000,0,0,9360,{ },{ok}
231,2013-03-15 11:45:00.513000000,0,0,9680,{ },{ok}
232,2013-03-15 12:00:00.277000000,0,0,10020,{ },{ok}
233,2013-03-15 12:15:01.747000000,0,0,10340,{ },{ok}
234,2013-03-15 12:30:00.533000000,0,0,10660,{ },{ok}
235,2013-03-15 12:45:00.477000000,0,0,11000,{ },{ok}
236,2013-03-15 13:00:00.490000000,0,0,11320,{ },{ok}
237,2013-03-15 13:15:00.367000000,0,0,11660,{ },{ok}
238,2013-03-15 13:30:00.507000000,0,0,11980,{ },{ok}
239,2013-03-15 13:45:00.173000000,0,0,12320,{ },{ok}
240,2013-03-15 14:00:00.467000000,0,0,12660,{ },{ok}
241,2013-03-15 14:15:00.517000000,0,0,12980,{ },{ok}
242,2013-03-15 14:30:00.100000000,0,0,13300,{ },{ok}
243,2013-03-15 14:45:00.520000000,0,0,13600,{ },{ok}
244,2013-03-15 15:00:00.167000000,0,0,13940,{ },{ok}
245,2013-03-15 15:15:01.520000000,0,0,14260,{ },{ok}
246,2013-03-15 15:30:00.477000000,0,0,14580,{ },{ok}
247,2013-03-15 15:45:00.477000000,0,0,14900,{ },{ok}
248,2013-03-15 16:00:00.463000000,0,0,15240,{ },{ok}
249,2013-03-15 16:15:00.477000000,0,0,15560,{ },{ok}
250,2013-03-15 16:30:00.460000000,0,0,15900,{ },{ok}
251,2013-03-15 16:45:00.483000000,0,0,16220,{ },{ok}
252,2013-03-15 17:00:00.397000000,0,0,16540,{ },{ok}
253,2013-03-15 17:15:00.540000000,0,0,16860,{ },{ok}
254,2013-03-15 17:30:00.527000000,0,0,17180,{ },{ok}
255,2013-03-15 17:45:00.520000000,0,0,17500,{ },{ok}
256,2013-03-15 18:00:00.450000000,0,0,17820,{ },{ok}
257,2013-03-15 18:15:00.497000000,0,0,18120,{ },{ok}
258,2013-03-15 18:30:00.457000000,0,0,18420,{ },{ok}
259,2013-03-15 18:45:00.463000000,0,0,18740,{ },{ok}
260,2013-03-15 19:00:00.463000000,0,0,19040,{ },{ok}
261,2013-03-15 19:15:01.473000000,0,0,19240,{ },{ok}
262,2013-03-15 19:30:00.513000000,0,0,19440,{ },{ok}
263,2013-03-15 19:45:00.320000000,0,0,19620,{ },{ok}
264,2013-03-15 20:00:00.450000000,0,0,19820,{ },{ok}
265,2013-03-15 20:15:00.327000000,0,0,20000,{ },{ok}
266,2013-03-15 20:30:00.467000000,0,0,20200,{ },{ok}
267,2013-03-15 20:45:00.520000000,0,0,20380,{ },{ok}
268,2013-03-15 21:00:00.433000000,0,0,20560,{ },{ok}
269,2013-03-15 21:15:00.497000000,0,0,20700,{ },{ok}
270,2013-03-15 21:30:00.117000000,0,0,20800,{ },{ok}
271,2013-03-15 21:45:00.463000000,0,0,20900,{ },{ok}
272,2013-03-15 22:00:00.347000000,0,0,21000,{ },{ok}
273,2013-03-15 22:15:00.327000000,0,0,21100,{ },{ok}
274,2013-03-15 22:30:00.457000000,0,0,21200,{ },{ok}
275,2013-03-15 22:45:00.250000000,0,0,21300,{ },{ok}
276,2013-03-15 23:00:00.537000000,0,0,21400,{ },{ok}
277,2013-03-15 23:15:00.067000000,0,0,21500,{ },{ok}
278,2013-03-15 23:30:00.487000000,0,0,21580,{ },{ok}
279,2013-03-15 23:45:00.480000000,0,0,21680,{ },{ok}
280,2013-03-16 00:00:00.487000000,0,0,21780,{ },{ok}
281,2013-03-16 00:15:01.497000000,0,0,80,{ },{ok}
282,2013-03-16 00:30:00.523000000,0,0,180,{ },{ok}
283,2013-03-16 00:45:00.360000000,0,0,280,{ },{ok}
284,2013-03-16 01:00:00.463000000,0,0,360,{ },{ok}
285,2013-03-16 01:15:00.513000000,0,0,460,{ },{ok}
286,2013-03-16 01:30:00.487000000,0,0,540,{ },{ok}
287,2013-03-16 01:45:00.470000000,0,0,640,{ },{ok}
288,2013-03-16 02:00:00.713000000,0,0,740,{ },{ok}
289,2013-03-16 02:15:00.507000000,0,0,820,{ },{ok}
290,2013-03-16 02:30:00.600000000,0,0,920,{ },{ok}
291,2013-03-16 02:45:00.453000000,0,0,1000,{ },{ok}
292,2013-03-16 03:00:00.590000000,0,0,1080,{ },{ok}
293,2013-03-16 03:15:00.690000000,0,0,1180,{ },{ok}
294,2013-03-16 03:30:00.903000000,0,0,1280,{ },{ok}
295,2013-03-16 03:45:01.563000000,0,0,1360,{ },{ok}
296,2013-03-16 04:00:00.577000000,0,0,1460,{ },{ok}
297,2013-03-16 04:15:00.447000000,0,0,1540,{ },{ok}
298,2013-03-16 04:30:00.587000000,0,0,1640,{ },{ok}
299,2013-03-16 04:45:00.643000000,0,0,1720,{ },{ok}
300,2013-03-16 05:00:00.840000000,0,0,1820,{ },{ok}
301,2013-03-16 05:15:00.813000000,0,0,1900,{ },{ok}
302,2013-03-16 05:30:01.213000000,0,0,1980,{ },{ok}
303,2013-03-16 05:45:00.860000000,0,0,2080,{ },{ok}
304,2013-03-16 06:00:00.687000000,0,0,2160,{ },{ok}
305,2013-03-16 06:15:00.917000000,0,0,2260,{ },{ok}
306,2013-03-16 06:30:00.643000000,0,0,2340,{ },{ok}
307,2013-03-16 06:45:00.673000000,0,0,2440,{ },{ok}
308,2013-03-16 07:00:00.847000000,0,0,2520,{ },{ok}
309,2013-03-16 07:15:00.393000000,0,0,2620,{ },{ok}
310,2013-03-16 07:30:00.687000000,0,0,2700,{ },{ok}
311,2013-03-16 07:45:01.890000000,0,0,2800,{ },{ok}
312,2013-03-16 08:00:00.433000000,0,0,2900,{ },{ok}
313,2013-03-16 08:15:00.527000000,0,0,3100,{ },{ok}
314,2013-03-16 08:30:00.413000000,0,0,3400,{ },{ok}
315,2013-03-16 08:45:00.643000000,0,0,3700,{ },{ok}
316,2013-03-16 09:00:01.710000000,0,0,4000,{ },{ok}
317,2013-03-16 09:15:00.417000000,0,0,4300,{ },{ok}
318,2013-03-16 09:30:00.590000000,0,0,4600,{ },{ok}
319,2013-03-16 09:45:00.800000000,0,0,4880,{ },{ok}
320,2013-03-16 10:00:00.577000000,0,0,5180,{ },{ok}
321,2013-03-16 10:15:00.713000000,0,0,5480,{ },{ok}
322,2013-03-16 10:30:00.460000000,0,0,5780,{ },{ok}
323,2013-03-16 10:45:00.543000000,0,0,6080,{ },{ok}
324,2013-03-16 11:00:00.380000000,0,0,6380,{ },{ok}
325,2013-03-16 11:15:01.367000000,0,0,6680,{ },{ok}
326,2013-03-16 11:30:00.477000000,0,0,6980,{ },{ok}
327,2013-03-16 11:45:00.467000000,0,0,7280,{ },{ok}
328,2013-03-16 12:00:00.640000000,0,0,7580,{ },{ok}
329,2013-03-16 12:15:00.050000000,0,0,7880,{ },{ok}
330,2013-03-16 12:30:00.493000000,0,0,8180,{ },{ok}
331,2013-03-16 12:45:00.487000000,0,0,8480,{ },{ok}
332,2013-03-16 13:00:00.537000000,0,0,8700,{ },{ok}
333,2013-03-16 13:15:00.080000000,0,0,8880,{ },{ok}
334,2013-03-16 13:30:00.540000000,0,0,9040,{ },{ok}
335,2013-03-16 13:45:00.380000000,0,0,9220,{ },{ok}
336,2013-03-16 14:00:00.470000000,0,0,9380,{ },{ok}
337,2013-03-16 14:15:00.290000000,0,0,9560,{ },{ok}
338,2013-03-16 14:30:00.477000000,0,0,9720,{ },{ok}
339,2013-03-16 14:45:00.527000000,0,0,9880,{ },{ok}
340,2013-03-16 15:00:00.390000000,0,0,10060,{ },{ok}
341,2013-03-16 15:15:00.417000000,0,0,10220,{ },{ok}
342,2013-03-16 15:30:00.283000000,0,0,10400,{ },{ok}
343,2013-03-16 15:45:00.500000000,0,0,10580,{ },{ok}
344,2013-03-16 16:00:00.223000000,0,0,10740,{ },{ok}
345,2013-03-16 16:15:01.433000000,0,0,10920,{ },{ok}
346,2013-03-16 16:30:00.467000000,0,0,11080,{ },{ok}
347,2013-03-16 16:45:00.487000000,0,0,11260,{ },{ok}
348,2013-03-16 17:00:00.443000000,0,0,11420,{ },{ok}
349,2013-03-16 17:15:00.433000000,0,0,11540,{ },{ok}
350,2013-03-16 17:30:00.450000000,0,0,11640,{ },{ok}
351,2013-03-16 17:45:00.383000000,0,0,11740,{ },{ok}
352,2013-03-16 18:00:00.457000000,0,0,11860,{ },{ok}
353,2013-03-16 18:15:00.383000000,0,0,11960,{ },{ok}
354,2013-03-16 18:30:00.447000000,0,0,12060,{ },{ok}
355,2013-03-16 18:45:00.407000000,0,0,12160,{ },{ok}
356,2013-03-16 19:00:00.437000000,0,0,12280,{ },{ok}
357,2013-03-16 19:15:00.407000000,0,0,12380,{ },{ok}
358,2013-03-16 19:30:00.427000000,0,0,12480,{ },{ok}
359,2013-03-16 19:45:00.420000000,0,0,12580,{ },{ok}
360,2013-03-16 20:00:00.447000000,0,0,12680,{ },{ok}
361,2013-03-16 20:15:01.410000000,0,0,12780,{ },{ok}
362,2013-03-16 20:30:00.503000000,0,0,12880,{ },{ok}
363,2013-03-16 20:45:00.373000000,0,0,12980,{ },{ok}
364,2013-03-16 21:00:00.480000000,0,0,13080,{ },{ok}
365,2013-03-16 21:15:00.397000000,0,0,13180,{ },{ok}
366,2013-03-16 21:30:00.490000000,0,0,13280,{ },{ok}
367,2013-03-16 21:45:00.410000000,0,0,13380,{ },{ok}
368,2013-03-16 22:00:00.480000000,0,0,13480,{ },{ok}
369,2013-03-16 22:15:00.397000000,0,0,13580,{ },{ok}
370,2013-03-16 22:30:00.463000000,0,0,13680,{ },{ok}
371,2013-03-16 22:45:00.393000000,0,0,13800,{ },{ok}
372,2013-03-16 23:00:00.450000000,0,0,13900,{ },{ok}
373,2013-03-16 23:15:00.407000000,0,0,14000,{ },{ok}
374,2013-03-16 23:30:00.450000000,0,0,14100,{ },{ok}
375,2013-03-16 23:45:00.410000000,0,0,14200,{ },{ok}
376,2013-03-17 00:00:00.407000000,0,0,14300,{ },{ok}
377,2013-03-17 00:15:00.427000000,0,0,100,{ },{ok}
378,2013-03-17 00:30:00.437000000,0,0,200,{ },{ok}
379,2013-03-17 00:45:00.397000000,0,0,300,{ },{ok}
380,2013-03-17 01:00:00.433000000,0,0,400,{ },{ok}
381,2013-03-17 01:15:00.423000000,0,0,480,{ },{ok}
382,2013-03-17 01:30:00.437000000,0,0,580,{ },{ok}
383,2013-03-17 01:45:00.440000000,0,0,680,{ },{ok}
384,2013-03-17 02:00:00.433000000,0,0,780,{ },{ok}
385,2013-03-17 02:15:00.417000000,0,0,880,{ },{ok}
386,2013-03-17 02:30:00.427000000,0,0,980,{ },{ok}
387,2013-03-17 02:45:00.403000000,0,0,1060,{ },{ok}
388,2013-03-17 03:00:00.443000000,0,0,1160,{ },{ok}
389,2013-03-17 03:15:00.400000000,0,0,1260,{ },{ok}
390,2013-03-17 03:30:00.420000000,0,0,1360,{ },{ok}
391,2013-03-17 03:45:00.457000000,0,0,1460,{ },{ok}
392,2013-03-17 04:00:00.443000000,0,0,1560,{ },{ok}
393,2013-03-17 04:15:00.497000000,0,0,1660,{ },{ok}
394,2013-03-17 04:30:00.527000000,0,0,1760,{ },{ok}
395,2013-03-17 04:45:00.527000000,0,0,1860,{ },{ok}
396,2013-03-17 05:00:00.513000000,0,0,1940,{ },{ok}
397,2013-03-17 05:15:00.527000000,0,0,2040,{ },{ok}
398,2013-03-17 05:30:00.517000000,0,0,2140,{ },{ok}
399,2013-03-17 05:45:00.527000000,0,0,2240,{ },{ok}
400,2013-03-17 06:00:00.543000000,0,0,2340,{ },{ok}
401,2013-03-17 06:15:00.547000000,0,0,2440,{ },{ok}
402,2013-03-17 06:30:00.517000000,0,0,2520,{ },{ok}
403,2013-03-17 06:45:00.517000000,0,0,2620,{ },{ok}
404,2013-03-17 07:00:00.523000000,0,0,2720,{ },{ok}
405,2013-03-17 07:15:00.527000000,0,0,2820,{ },{ok}
406,2013-03-17 07:30:00.527000000,0,0,2920,{ },{ok}
407,2013-03-17 07:45:00.520000000,0,0,3020,{ },{ok}
408,2013-03-17 08:00:00.537000000,0,0,3120,{ },{ok}
409,2013-03-17 08:15:00.527000000,0,0,3200,{ },{ok}
410,2013-03-17 08:30:01.517000000,0,0,3300,{ },{ok}
411,2013-03-17 08:45:00.527000000,0,0,3400,{ },{ok}
412,2013-03-17 09:00:00.533000000,0,0,3500,{ },{ok}
413,2013-03-17 09:15:00.520000000,0,0,3600,{ },{ok}
414,2013-03-17 09:30:00.530000000,0,0,3700,{ },{ok}
415,2013-03-17 09:45:00.523000000,0,0,3800,{ },{ok}
416,2013-03-17 10:00:00.527000000,0,0,3900,{ },{ok}
417,2013-03-17 10:15:00.513000000,0,0,4080,{ },{ok}
418,2013-03-17 10:30:00.527000000,0,0,4280,{ },{ok}
419,2013-03-17 10:45:01.533000000,0,0,4480,{ },{ok}
420,2013-03-17 11:00:00.507000000,0,0,4680,{ },{ok}
421,2013-03-17 11:15:00.533000000,0,0,4880,{ },{ok}
422,2013-03-17 11:30:00.543000000,0,0,5080,{ },{ok}
423,2013-03-17 11:45:00.537000000,0,0,5280,{ },{ok}
424,2013-03-17 12:00:00.530000000,0,0,5480,{ },{ok}
425,2013-03-17 12:15:00.540000000,0,0,5680,{ },{ok}
426,2013-03-17 12:30:00.543000000,0,0,5880,{ },{ok}
427,2013-03-17 12:45:00.543000000,0,0,6080,{ },{ok}
428,2013-03-17 13:00:00.537000000,0,0,6260,{ },{ok}
429,2013-03-17 13:15:01.533000000,0,0,6460,{ },{ok}
430,2013-03-17 13:30:00.507000000,0,0,6660,{ },{ok}
431,2013-03-17 13:45:00.527000000,0,0,6860,{ },{ok}
432,2013-03-17 14:00:00.540000000,0,0,7060,{ },{ok}
433,2013-03-17 14:15:00.517000000,0,0,7260,{ },{ok}
434,2013-03-17 14:30:00.560000000,0,0,7460,{ },{ok}
435,2013-03-17 14:45:00.560000000,0,0,7640,{ },{ok}
436,2013-03-17 15:00:00.607000000,0,0,7840,{ },{ok}
437,2013-03-17 15:15:00.627000000,0,0,8040,{ },{ok}
438,2013-03-17 15:30:00.603000000,0,0,8240,{ },{ok}
439,2013-03-17 15:45:00.563000000,0,0,8440,{ },{ok}
440,2013-03-17 16:00:00.760000000,0,0,8640,{ },{ok}
441,2013-03-17 16:15:00.670000000,0,0,8840,{ },{ok}
442,2013-03-17 16:30:00.583000000,0,0,9040,{ },{ok}
443,2013-03-17 16:45:00.570000000,0,0,9220,{ },{ok}
444,2013-03-17 17:00:00.527000000,0,0,9420,{ },{ok}
445,2013-03-17 17:15:00.583000000,0,0,9520,{ },{ok}
446,2013-03-17 17:30:00.553000000,0,0,9640,{ },{ok}
447,2013-03-17 17:45:00.570000000,0,0,9740,{ },{ok}
448,2013-03-17 18:00:00.610000000,0,0,9840,{ },{ok}
449,2013-03-17 18:15:00.593000000,0,0,9940,{ },{ok}
450,2013-03-17 18:30:00.563000000,0,0,10040,{ },{ok}
451,2013-03-17 18:45:00.777000000,0,0,10140,{ },{ok}
452,2013-03-17 19:00:00.750000000,0,0,10260,{ },{ok}
453,2013-03-17 19:15:01.627000000,0,0,10360,{ },{ok}
454,2013-03-17 19:30:00.523000000,0,0,10460,{ },{ok}
455,2013-03-17 19:45:00.530000000,0,0,10560,{ },{ok}
456,2013-03-17 20:00:01.533000000,0,0,10660,{ },{ok}
457,2013-03-17 20:15:00.567000000,0,0,10760,{ },{ok}
458,2013-03-17 20:30:00.520000000,0,0,10860,{ },{ok}
459,2013-03-17 20:45:00.513000000,0,0,10960,{ },{ok}
460,2013-03-17 21:00:00.523000000,0,0,11060,{ },{ok}
461,2013-03-17 21:15:00.543000000,0,0,11160,{ },{ok}
462,2013-03-17 21:30:00.537000000,0,0,11260,{ },{ok}
463,2013-03-17 21:45:00.520000000,0,0,11360,{ },{ok}
464,2013-03-17 22:00:00.530000000,0,0,11460,{ },{ok}
465,2013-03-17 22:15:00.507000000,0,0,11560,{ },{ok}
466,2013-03-17 22:30:00.543000000,0,0,11660,{ },{ok}
467,2013-03-17 22:45:00.537000000,0,0,11760,{ },{ok}
468,2013-03-17 23:00:00.530000000,0,0,11860,{ },{ok}
469,2013-03-17 23:15:00.527000000,0,0,11960,{ },{ok}
470,2013-03-17 23:30:00.577000000,0,0,12060,{ },{ok}
471,2013-03-17 23:45:01.607000000,0,0,12160,{ },{ok}
472,2013-03-18 00:00:00.627000000,0,0,12260,{ },{ok}
473,2013-03-18 00:15:01.590000000,0,0,80,{ },{ok}
474,2013-03-18 00:30:00.743000000,0,0,180,{ },{ok}
475,2013-03-18 00:45:00.530000000,0,0,280,{ },{ok}
476,2013-03-18 01:00:00.553000000,0,0,380,{ },{ok}
477,2013-03-18 01:15:01.527000000,0,0,480,{ },{ok}
478,2013-03-18 01:30:00.757000000,0,0,580,{ },{ok}
479,2013-03-18 01:45:00.547000000,0,0,660,{ },{ok}
480,2013-03-18 02:00:00.507000000,0,0,760,{ },{ok}
481,2013-03-18 02:15:00.567000000,0,0,860,{ },{ok}
482,2013-03-18 02:30:00.577000000,0,0,960,{ },{ok}
483,2013-03-18 02:45:00.620000000,0,0,1060,{ },{ok}
484,2013-03-18 03:00:00.603000000,0,0,1160,{ },{ok}
485,2013-03-18 03:15:00.673000000,0,0,1260,{ },{ok}
486,2013-03-18 03:30:00.510000000,0,0,1360,{ },{ok}
487,2013-03-18 03:45:00.560000000,0,0,1460,{ },{ok}
488,2013-03-18 04:00:00.533000000,0,0,1560,{ },{ok}
489,2013-03-18 04:15:00.527000000,0,0,1660,{ },{ok}
490,2013-03-18 04:30:00.510000000,0,0,1760,{ },{ok}
491,2013-03-18 04:45:00.520000000,0,0,1860,{ },{ok}
492,2013-03-18 05:00:00.530000000,0,0,1960,{ },{ok}
493,2013-03-18 05:15:00.527000000,0,0,2060,{ },{ok}
494,2013-03-18 05:30:00.540000000,0,0,2180,{ },{ok}
495,2013-03-18 05:45:00.527000000,0,0,2460,{ },{ok}
496,2013-03-18 06:00:00.507000000,0,0,2760,{ },{ok}
497,2013-03-18 06:15:00.520000000,0,0,3060,{ },{ok}
498,2013-03-18 06:30:00.553000000,0,0,3360,{ },{ok}
499,2013-03-18 06:45:00.527000000,0,0,3680,{ },{ok}
500,2013-03-18 07:00:00.537000000,0,0,3980,{ },{ok}
501,2013-03-18 07:15:00.017000000,0,0,4300,{ },{ok}
502,2013-03-18 07:30:00.527000000,0,0,4620,{ },{ok}
503,2013-03-18 07:45:00.517000000,0,0,4940,{ },{ok}
504,2013-03-18 08:00:00.507000000,0,0,5260,{ },{ok}
505,2013-03-18 08:15:00.017000000,0,0,5580,{ },{ok}
506,2013-03-18 08:30:00.037000000,1,0,5900,{start},{ok}
507,2013-03-18 08:45:00.437000000,0,0,6240,{ },{ok}
508,2013-03-18 09:00:01.483000000,0,0,6580,{ },{ok}
509,2013-03-18 09:15:01.497000000,0,0,6900,{ },{ok}
510,2013-03-18 09:30:00.547000000,0,0,7240,{ },{ok}
511,2013-03-18 09:45:00.477000000,0,0,7560,{ },{ok}
512,2013-03-18 10:00:00.487000000,0,0,7900,{ },{ok}
513,2013-03-18 10:15:00.457000000,0,0,8240,{ },{ok}
514,2013-03-18 10:30:00.440000000,0,0,8580,{ },{ok}
515,2013-03-18 10:45:00.507000000,0,0,8920,{ },{ok}
516,2013-03-18 11:00:00.413000000,0,0,9260,{ },{ok}
517,2013-03-18 11:15:00.450000000,0,0,9580,{ },{ok}
518,2013-03-18 11:30:00.503000000,0,0,9920,{ },{ok}
519,2013-03-18 11:45:00.453000000,0,0,10260,{ },{ok}
520,2013-03-18 12:00:00.523000000,0,0,10580,{ },{ok}
521,2013-03-18 12:15:00.503000000,0,0,10900,{ },{ok}
522,2013-03-18 12:30:00.457000000,0,0,11220,{ },{ok}
523,2013-03-18 12:45:00.377000000,0,0,11560,{ },{ok}
524,2013-03-18 13:00:00.487000000,0,0,11880,{ },{ok}
525,2013-03-18 13:15:00.373000000,0,0,12200,{ },{ok}
526,2013-03-18 13:30:00.297000000,0,0,12540,{ },{ok}
527,2013-03-18 13:45:00.410000000,0,0,12880,{ },{ok}
528,2013-03-18 14:00:00.350000000,0,0,13200,{ },{ok}
529,2013-03-18 14:15:00.490000000,0,0,13540,{ },{ok}
530,2013-03-18 14:30:00.433000000,0,0,13860,{ },{ok}
531,2013-03-18 14:45:00.433000000,0,0,14200,{ },{ok}
532,2013-03-18 15:00:00.473000000,0,0,14520,{ },{ok}
533,2013-03-18 15:15:00.627000000,0,0,14860,{ },{ok}
534,2013-03-18 15:30:00.397000000,0,0,15180,{ },{ok}
535,2013-03-18 15:45:00.437000000,0,0,15500,{ },{ok}
536,2013-03-18 16:00:00.497000000,0,0,15820,{ },{ok}
537,2013-03-18 16:15:00.847000000,0,0,16160,{ },{ok}
538,2013-03-18 16:30:00.470000000,0,0,16480,{ },{ok}
539,2013-03-18 16:45:00.423000000,0,0,16800,{ },{ok}
540,2013-03-18 17:00:00.450000000,0,0,17120,{ },{ok}
541,2013-03-18 17:15:00.517000000,0,0,17440,{ },{ok}
542,2013-03-18 17:30:00.407000000,0,0,17780,{ },{ok}
543,2013-03-18 17:45:00.410000000,0,0,18100,{ },{ok}
544,2013-03-18 18:00:00.327000000,0,0,18420,{ },{ok}
545,2013-03-18 18:15:00.617000000,0,0,18740,{ },{ok}
546,2013-03-18 18:30:01.627000000,0,0,19060,{ },{ok}
547,2013-03-18 18:45:00.537000000,0,0,19380,{ },{ok}
548,2013-03-18 19:00:00.587000000,0,0,19720,{ },{ok}
549,2013-03-18 19:15:00.897000000,0,0,19920,{ },{ok}
550,2013-03-18 19:30:00.600000000,0,0,20120,{ },{ok}
551,2013-03-18 19:45:00.580000000,0,0,20300,{ },{ok}
552,2013-03-18 20:00:00.417000000,0,0,20500,{ },{ok}
553,2013-03-18 20:15:00.647000000,0,0,20700,{ },{ok}
554,2013-03-18 20:30:00.677000000,0,0,20900,{ },{ok}
555,2013-03-18 20:45:01.880000000,0,0,21080,{ },{ok}
556,2013-03-18 21:00:00.807000000,0,0,21260,{ },{ok}
557,2013-03-18 21:15:00.887000000,0,0,21380,{ },{ok}
558,2013-03-18 21:30:00.907000000,0,0,21480,{ },{ok}
559,2013-03-18 21:45:00.790000000,0,0,21600,{ },{ok}
560,2013-03-18 22:00:02.013000000,0,0,21700,{ },{ok}
561,2013-03-18 22:15:00.813000000,0,0,21820,{ },{ok}
562,2013-03-18 22:30:00.673000000,0,0,21920,{ },{ok}
563,2013-03-18 22:45:00.983000000,0,0,22020,{ },{ok}
564,2013-03-18 23:00:00.760000000,0,0,22140,{ },{ok}
565,2013-03-18 23:15:00.827000000,0,0,22260,{ },{ok}
566,2013-03-18 23:30:00.773000000,0,0,22360,{ },{ok}
567,2013-03-18 23:45:00.737000000,0,0,22460,{ },{ok}
568,2013-03-19 00:00:00.597000000,0,0,22580,{ },{ok}
569,2013-03-19 00:15:00.630000000,0,0,100,{ },{ok}
570,2013-03-19 00:30:00.550000000,0,0,220,{ },{ok}
571,2013-03-19 00:45:00.713000000,0,0,320,{ },{ok}
572,2013-03-19 01:00:00.603000000,0,0,420,{ },{ok}
573,2013-03-19 01:15:00.953000000,0,0,520,{ },{ok}
574,2013-03-19 01:30:00.663000000,0,0,620,{ },{ok}
575,2013-03-19 01:45:00.533000000,0,0,740,{ },{ok}
576,2013-03-19 02:00:00.597000000,0,0,840,{ },{ok}
577,2013-03-19 02:15:00.517000000,0,0,940,{ },{ok}
578,2013-03-19 02:30:00.797000000,0,0,1040,{ },{ok}
579,2013-03-19 02:45:00.503000000,0,0,1140,{ },{ok}
580,2013-03-19 03:00:00.527000000,0,0,1240,{ },{ok}
581,2013-03-19 03:15:00.417000000,0,0,1340,{ },{ok}
582,2013-03-19 03:30:01.777000000,0,0,1440,{ },{ok}
583,2013-03-19 03:45:00.443000000,0,0,1540,{ },{ok}
584,2013-03-19 04:00:00.400000000,0,0,1620,{ },{ok}
585,2013-03-19 04:15:00.427000000,0,0,1720,{ },{ok}
586,2013-03-19 04:30:00.383000000,0,0,1820,{ },{ok}
587,2013-03-19 04:45:00.403000000,0,0,1920,{ },{ok}
588,2013-03-19 05:00:00.400000000,0,0,2020,{ },{ok}
589,2013-03-19 05:15:00.380000000,0,0,2120,{ },{ok}
590,2013-03-19 05:30:00.390000000,0,0,2260,{ },{ok}
591,2013-03-19 05:45:00.407000000,0,0,2500,{ },{ok}
592,2013-03-19 06:00:00.390000000,0,0,2800,{ },{ok}
593,2013-03-19 06:15:00.443000000,0,0,3100,{ },{ok}
594,2013-03-19 06:30:00.447000000,0,0,3400,{ },{ok}
595,2013-03-19 06:45:00.420000000,0,0,3700,{ },{ok}
596,2013-03-19 07:00:00.420000000,0,0,4000,{ },{ok}
597,2013-03-19 07:15:00.423000000,0,0,4320,{ },{ok}
598,2013-03-19 07:30:00.413000000,0,0,4620,{ },{ok}
599,2013-03-19 07:45:00.423000000,0,0,4940,{ },{ok}
600,2013-03-19 08:00:00.427000000,0,0,5260,{ },{ok}
601,2013-03-19 08:15:00.443000000,0,0,5580,{ },{ok}
602,2013-03-19 08:30:00.403000000,0,0,5900,{ },{ok}
603,2013-03-19 08:45:00.410000000,0,0,6220,{ },{ok}
604,2013-03-19 09:00:00.400000000,0,0,6540,{ },{ok}
605,2013-03-19 09:15:01.413000000,0,0,6860,{ },{ok}
606,2013-03-19 09:30:00.400000000,0,0,7200,{ },{ok}
607,2013-03-19 09:45:00.403000000,0,0,7540,{ },{ok}
608,2013-03-19 10:00:00.537000000,0,0,7860,{ },{ok}
609,2013-03-19 10:15:00.443000000,0,0,8200,{ },{ok}
610,2013-03-19 10:30:00.460000000,0,0,8520,{ },{ok}
611,2013-03-19 10:45:00.550000000,0,0,8840,{ },{ok}
612,2013-03-19 11:00:00.473000000,0,0,9180,{ },{ok}
613,2013-03-19 11:15:00.440000000,0,0,9500,{ },{ok}
614,2013-03-19 11:30:00.503000000,0,0,9820,{ },{ok}
615,2013-03-19 11:45:00.450000000,0,0,10120,{ },{ok}
616,2013-03-19 12:00:00.510000000,0,0,10440,{ },{ok}
617,2013-03-19 12:15:00.460000000,0,0,10780,{ },{ok}
618,2013-03-19 12:30:01.490000000,0,0,11120,{ },{ok}
619,2013-03-19 12:45:00.467000000,0,0,11440,{ },{ok}
620,2013-03-19 13:00:00.543000000,0,0,11780,{ },{ok}
621,2013-03-19 13:15:00.440000000,0,0,12100,{ },{ok}
622,2013-03-19 13:30:00.450000000,0,0,12420,{ },{ok}
623,2013-03-19 13:45:00.497000000,0,0,12760,{ },{ok}
624,2013-03-19 14:00:00.457000000,0,0,13100,{ },{ok}
625,2013-03-19 14:15:00.440000000,0,0,13420,{ },{ok}
626,2013-03-19 14:30:00.453000000,0,0,13760,{ },{ok}
627,2013-03-19 14:45:00.423000000,0,0,14080,{ },{ok}
628,2013-03-19 15:00:00.490000000,0,0,14400,{ },{ok}
629,2013-03-19 15:15:00.460000000,0,0,14720,{ },{ok}
630,2013-03-19 15:30:00.470000000,0,0,15060,{ },{ok}
631,2013-03-19 15:45:00.490000000,0,0,15380,{ },{ok}
632,2013-03-19 16:00:00.477000000,0,0,15700,{ },{ok}
633,2013-03-19 16:15:00.493000000,0,0,16020,{ },{ok}
634,2013-03-19 16:30:01.470000000,0,0,16340,{ },{ok}
635,2013-03-19 16:45:00.513000000,0,0,16660,{ },{ok}
636,2013-03-19 17:00:01.483000000,0,0,16980,{ },{ok}
637,2013-03-19 17:15:00.437000000,0,0,17320,{ },{ok}
638,2013-03-19 17:30:00.443000000,0,0,17640,{ },{ok}
639,2013-03-19 17:45:00.440000000,0,0,17960,{ },{ok}
640,2013-03-19 18:00:01.453000000,0,0,18280,{ },{ok}
641,2013-03-19 18:15:00.403000000,0,0,18600,{ },{ok}
642,2013-03-19 18:30:00.427000000,0,0,18900,{ },{ok}
643,2013-03-19 18:45:00.400000000,0,0,19220,{ },{ok}
644,2013-03-19 19:00:00.420000000,0,0,19520,{ },{ok}
645,2013-03-19 19:15:00.370000000,0,0,19720,{ },{ok}
646,2013-03-19 19:30:00.417000000,0,0,19900,{ },{ok}
647,2013-03-19 19:45:00.357000000,0,0,20080,{ },{ok}
648,2013-03-19 20:00:00.397000000,0,0,20260,{ },{ok}
649,2013-03-19 20:15:01.373000000,0,0,20460,{ },{ok}
650,2013-03-19 20:30:00.423000000,0,0,20640,{ },{ok}
651,2013-03-19 20:45:00.400000000,0,0,20840,{ },{ok}
652,2013-03-19 21:00:00.417000000,0,0,21020,{ },{ok}
653,2013-03-19 21:15:00.373000000,0,0,21220,{ },{ok}
654,2013-03-19 21:30:00.437000000,0,0,21320,{ },{ok}
655,2013-03-19 21:45:00.407000000,0,0,21420,{ },{ok}
656,2013-03-19 22:00:00.437000000,0,0,21520,{ },{ok}
657,2013-03-19 22:15:00.490000000,0,0,21640,{ },{ok}
658,2013-03-19 22:30:00.447000000,0,0,21740,{ },{ok}
659,2013-03-19 22:45:00.417000000,0,0,21840,{ },{ok}
660,2013-03-19 23:00:00.397000000,0,0,21940,{ },{ok}
661,2013-03-19 23:15:00.413000000,0,0,22040,{ },{ok}
662,2013-03-19 23:30:00.410000000,0,0,22140,{ },{ok}
663,2013-03-19 23:45:00.383000000,0,0,22240,{ },{ok}
664,2013-03-20 00:00:00.377000000,0,0,22340,{ },{ok}
665,2013-03-20 00:15:00.417000000,0,0,100,{ },{ok}
666,2013-03-20 00:30:00.383000000,0,0,200,{ },{ok}
667,2013-03-20 00:45:00.430000000,0,0,320,{ },{ok}
668,2013-03-20 01:00:00.423000000,0,0,400,{ },{ok}
669,2013-03-20 01:15:00.477000000,0,0,500,{ },{ok}
670,2013-03-20 01:30:01.457000000,0,0,600,{ },{ok}
671,2013-03-20 01:45:00.480000000,0,0,700,{ },{ok}
672,2013-03-20 02:00:00.507000000,0,0,780,{ },{ok}
673,2013-03-20 02:15:00.777000000,0,0,880,{ },{ok}
674,2013-03-20 02:30:01.497000000,0,0,980,{ },{ok}
675,2013-03-20 02:45:00.473000000,0,0,1080,{ },{ok}
676,2013-03-20 03:00:00.500000000,0,0,1180,{ },{ok}
677,2013-03-20 03:15:00.477000000,0,0,1280,{ },{ok}
678,2013-03-20 03:30:00.473000000,0,0,1380,{ },{ok}
679,2013-03-20 03:45:00.473000000,0,0,1480,{ },{ok}
680,2013-03-20 04:00:00.480000000,0,0,1580,{ },{ok}
681,2013-03-20 04:15:00.537000000,0,0,1680,{ },{ok}
682,2013-03-20 04:30:00.497000000,0,0,1780,{ },{ok}
683,2013-03-20 04:45:00.483000000,0,0,1880,{ },{ok}
684,2013-03-20 05:00:00.477000000,0,0,2000,{ },{ok}
685,2013-03-20 05:15:00.400000000,0,0,2100,{ },{ok}
686,2013-03-20 05:30:01.427000000,0,0,2200,{ },{ok}
687,2013-03-20 05:45:00.377000000,0,0,2300,{ },{ok}
688,2013-03-20 06:00:00.473000000,0,0,2500,{ },{ok}
689,2013-03-20 06:15:00.397000000,0,0,2800,{ },{ok}
690,2013-03-20 06:30:00.490000000,0,0,3100,{ },{ok}
691,2013-03-20 06:45:00.417000000,0,0,3420,{ },{ok}
692,2013-03-20 07:00:00.510000000,0,0,3720,{ },{ok}
693,2013-03-20 07:15:00.450000000,0,0,4040,{ },{ok}
694,2013-03-20 07:30:00.437000000,0,0,4340,{ },{ok}
695,2013-03-20 07:45:00.613000000,0,0,4660,{ },{ok}
696,2013-03-20 08:00:00.510000000,0,0,4980,{ },{ok}
697,2013-03-20 08:15:00.453000000,0,0,5300,{ },{ok}
698,2013-03-20 08:30:00.427000000,0,0,5620,{ },{ok}
699,2013-03-20 08:45:00.030000000,0,0,5940,{ },{ok}
700,2013-03-20 09:00:01.060000000,0,0,6280,{ },{ok}
701,2013-03-20 09:15:00.427000000,0,0,6620,{ },{ok}
702,2013-03-20 09:30:00.537000000,0,0,6940,{ },{ok}
703,2013-03-20 09:45:00.100000000,0,0,7300,{ },{ok}
704,2013-03-20 10:00:01.557000000,0,0,7620,{ },{ok}
705,2013-03-20 10:15:00.470000000,0,0,7940,{ },{ok}
706,2013-03-20 10:30:00.793000000,0,0,8280,{ },{ok}
707,2013-03-20 10:45:00.610000000,0,0,8580,{ },{ok}
708,2013-03-20 11:00:00.577000000,0,0,8920,{ },{ok}
709,2013-03-20 11:15:00.467000000,0,0,9240,{ },{ok}
710,2013-03-20 11:30:00.427000000,0,0,9560,{ },{ok}
711,2013-03-20 11:45:01.437000000,0,0,9900,{ },{ok}
712,2013-03-20 12:00:00.457000000,0,0,10220,{ },{ok}
713,2013-03-20 12:15:00.503000000,0,0,10560,{ },{ok}
714,2013-03-20 12:30:00.507000000,0,0,10900,{ },{ok}
715,2013-03-20 12:45:01.433000000,0,0,11220,{ },{ok}
716,2013-03-20 13:00:00.473000000,0,0,11540,{ },{ok}
717,2013-03-20 13:15:00.487000000,0,0,11880,{ },{ok}
718,2013-03-20 13:30:00.477000000,0,0,12200,{ },{ok}
719,2013-03-20 13:45:00.013000000,0,0,12540,{ },{ok}
720,2013-03-20 14:00:00.477000000,0,0,12860,{ },{ok}
721,2013-03-20 14:15:00.457000000,0,0,13180,{ },{ok}
722,2013-03-20 14:30:00.773000000,0,0,13500,{ },{ok}
723,2013-03-20 14:45:00.503000000,0,0,13840,{ },{ok}
724,2013-03-20 15:00:00.443000000,0,0,14180,{ },{ok}
725,2013-03-20 15:15:00.513000000,0,0,14500,{ },{ok}
726,2013-03-20 15:30:00.060000000,0,0,14820,{ },{ok}
727,2013-03-20 15:45:00.567000000,0,0,15160,{ },{ok}
728,2013-03-20 16:00:00.540000000,0,0,15480,{ },{ok}
729,2013-03-20 16:15:00.107000000,0,0,15800,{ },{ok}
730,2013-03-20 16:30:00.037000000,0,0,16120,{ },{ok}
731,2013-03-20 16:45:00.440000000,0,0,16440,{ },{ok}
732,2013-03-20 17:00:00.487000000,0,0,16760,{ },{ok}
733,2013-03-20 17:15:00.447000000,0,0,17080,{ },{ok}
734,2013-03-20 17:30:00.523000000,0,0,17400,{ },{ok}
735,2013-03-20 17:45:00.473000000,0,0,17720,{ },{ok}
736,2013-03-20 18:00:00.577000000,0,0,18040,{ },{ok}
737,2013-03-20 18:15:00.517000000,0,0,18360,{ },{ok}
738,2013-03-20 18:30:00.567000000,0,0,18660,{ },{ok}
739,2013-03-20 18:45:00.497000000,0,0,18980,{ },{ok}
740,2013-03-20 19:00:00.820000000,0,0,19260,{ },{ok}
741,2013-03-20 19:15:00.433000000,0,0,19500,{ },{ok}
742,2013-03-20 19:30:00.517000000,0,0,19680,{ },{ok}
743,2013-03-20 19:45:01.473000000,0,0,19880,{ },{ok}
744,2013-03-20 20:00:00.487000000,0,0,20060,{ },{ok}
745,2013-03-20 20:15:00.417000000,0,0,20260,{ },{ok}
746,2013-03-20 20:30:01.437000000,0,0,20460,{ },{ok}
747,2013-03-20 20:45:00.387000000,0,0,20640,{ },{ok}
748,2013-03-20 21:00:00.457000000,0,0,20840,{ },{ok}
749,2013-03-20 21:15:00.403000000,0,0,20940,{ },{ok}
750,2013-03-20 21:30:00.470000000,0,0,21060,{ },{ok}
751,2013-03-20 21:45:00.450000000,0,0,21160,{ },{ok}
752,2013-03-20 22:00:00.477000000,0,0,21260,{ },{ok}
753,2013-03-20 22:15:00.480000000,0,0,21360,{ },{ok}
754,2013-03-20 22:30:00.437000000,0,0,21460,{ },{ok}
755,2013-03-20 22:45:00.450000000,0,0,21580,{ },{ok}
756,2013-03-20 23:00:00.447000000,0,0,21680,{ },{ok}
757,2013-03-20 23:15:00.723000000,0,0,21780,{ },{ok}
758,2013-03-20 23:30:00.427000000,0,0,21880,{ },{ok}
759,2013-03-20 23:45:00.443000000,0,0,21980,{ },{ok}
760,2013-03-21 00:00:00.463000000,0,0,22080,{ },{ok}
761,2013-03-21 00:15:00.483000000,0,0,100,{ },{ok}
762,2013-03-21 00:30:00.387000000,0,0,200,{ },{ok}
763,2013-03-21 00:45:01.460000000,0,0,280,{ },{ok}
764,2013-03-21 01:00:00.537000000,0,0,380,{ },{ok}
765,2013-03-21 01:15:00.460000000,0,0,480,{ },{ok}
766,2013-03-21 01:30:01.510000000,0,0,580,{ },{ok}
767,2013-03-21 01:45:00.507000000,0,0,660,{ },{ok}
768,2013-03-21 02:00:00.470000000,0,0,760,{ },{ok}
769,2013-03-21 02:15:00.510000000,0,0,860,{ },{ok}
770,2013-03-21 02:30:00.483000000,0,0,940,{ },{ok}
771,2013-03-21 02:45:00.497000000,0,0,1040,{ },{ok}
772,2013-03-21 03:00:00.527000000,0,0,1120,{ },{ok}
773,2013-03-21 03:15:00.537000000,0,0,1220,{ },{ok}
774,2013-03-21 03:30:00.480000000,0,0,1300,{ },{ok}
775,2013-03-21 03:45:00.470000000,0,0,1400,{ },{ok}
776,2013-03-21 04:00:00.513000000,0,0,1480,{ },{ok}
777,2013-03-21 04:15:00.530000000,0,0,1580,{ },{ok}
778,2013-03-21 04:30:01.527000000,0,0,1660,{ },{ok}
779,2013-03-21 04:45:00.483000000,0,0,1760,{ },{ok}
780,2013-03-21 05:00:00.497000000,0,0,1860,{ },{ok}
781,2013-03-21 05:15:00.520000000,0,0,1940,{ },{ok}
782,2013-03-21 05:30:00.477000000,0,0,2040,{ },{ok}
783,2013-03-21 05:45:00.457000000,0,0,2140,{ },{ok}
784,2013-03-21 06:00:00.463000000,0,0,2340,{ },{ok}
785,2013-03-21 06:15:00.767000000,0,0,2620,{ },{ok}
786,2013-03-21 06:30:00.443000000,0,0,2920,{ },{ok}
787,2013-03-21 06:45:00.500000000,0,0,3240,{ },{ok}
788,2013-03-21 07:00:00.473000000,0,0,3540,{ },{ok}
789,2013-03-21 07:15:00.777000000,0,0,3860,{ },{ok}
790,2013-03-21 07:30:00.503000000,0,0,4160,{ },{ok}
791,2013-03-21 07:45:00.427000000,0,0,4480,{ },{ok}
792,2013-03-21 08:00:00.430000000,0,0,4800,{ },{ok}
793,2013-03-21 08:15:00.457000000,0,0,5100,{ },{ok}
794,2013-03-21 08:30:00.410000000,0,0,5420,{ },{ok}
795,2013-03-21 08:45:00.407000000,0,0,5760,{ },{ok}
796,2013-03-21 09:00:01.457000000,0,0,6080,{ },{ok}
797,2013-03-21 09:15:00.437000000,0,0,6420,{ },{ok}
798,2013-03-21 09:30:00.430000000,0,0,6740,{ },{ok}
799,2013-03-21 09:45:00.457000000,0,0,7080,{ },{ok}
800,2013-03-21 10:00:01.507000000,0,0,7400,{ },{ok}
801,2013-03-21 10:15:00.680000000,0,0,7740,{ },{ok}
802,2013-03-21 10:30:01.137000000,0,0,8060,{ },{ok}
803,2013-03-21 10:45:00.793000000,0,0,8360,{ },{ok}
804,2013-03-21 11:00:00.857000000,0,0,8680,{ },{ok}
805,2013-03-21 11:15:00.660000000,0,0,9000,{ },{ok}
806,2013-03-21 11:30:00.553000000,0,0,9320,{ },{ok}
807,2013-03-21 11:45:00.520000000,0,0,9640,{ },{ok}
808,2013-03-21 12:00:00.630000000,0,0,9980,{ },{ok}
809,2013-03-21 12:15:00.630000000,0,0,10320,{ },{ok}
810,2013-03-21 12:30:00.807000000,0,0,10640,{ },{ok}
811,2013-03-21 12:45:00.687000000,0,0,10960,{ },{ok}
812,2013-03-21 13:00:00.833000000,0,0,11280,{ },{ok}
813,2013-03-21 13:15:00.847000000,0,0,11620,{ },{ok}
814,2013-03-21 13:30:00.737000000,0,0,11940,{ },{ok}
815,2013-03-21 13:45:01,0,0,12280,{ },{ok}
816,2013-03-21 14:00:01.210000000,0,0,12600,{ },{ok}
817,2013-03-21 14:15:01.733000000,0,0,12920,{ },{ok}
818,2013-03-21 14:30:00.817000000,0,0,13260,{ },{ok}
819,2013-03-21 14:45:00.773000000,0,0,13580,{ },{ok}
820,2013-03-21 15:00:00.847000000,0,0,13900,{ },{ok}
821,2013-03-21 15:15:00.897000000,0,0,14220,{ },{ok}
822,2013-03-21 15:30:00.767000000,0,0,14540,{ },{ok}
823,2013-03-21 15:45:00.647000000,0,0,14860,{ },{ok}
824,2013-03-21 16:00:01.623000000,0,0,15180,{ },{ok}
825,2013-03-21 16:15:00.963000000,0,0,15500,{ },{ok}
826,2013-03-21 16:30:00.673000000,0,0,15820,{ },{ok}
827,2013-03-21 16:45:01.740000000,0,0,16160,{ },{ok}
828,2013-03-21 17:00:00.707000000,0,0,16480,{ },{ok}
829,2013-03-21 17:15:00.910000000,0,0,16800,{ },{ok}
830,2013-03-21 17:30:00.597000000,0,0,17120,{ },{ok}
831,2013-03-21 17:45:00.593000000,0,0,17440,{ },{ok}
832,2013-03-21 18:00:00.657000000,0,0,17740,{ },{ok}
833,2013-03-21 18:15:01.477000000,0,0,18060,{ },{ok}
834,2013-03-21 18:30:00.587000000,0,0,18380,{ },{ok}
835,2013-03-21 18:45:00.513000000,0,0,18680,{ },{ok}
836,2013-03-21 19:00:00.533000000,0,0,18980,{ },{ok}
837,2013-03-21 19:15:00.533000000,0,0,19180,{ },{ok}
838,2013-03-21 19:30:00.477000000,0,0,19380,{ },{ok}
839,2013-03-21 19:45:00.487000000,0,0,19580,{ },{ok}
840,2013-03-21 20:00:00.547000000,0,0,19780,{ },{ok}
841,2013-03-21 20:15:00.470000000,0,0,19980,{ },{ok}
842,2013-03-21 20:30:00.460000000,0,0,20200,{ },{ok}
843,2013-03-21 20:45:00.477000000,0,0,20340,{ },{ok}
844,2013-03-21 21:00:00.480000000,0,0,20480,{ },{ok}
845,2013-03-21 21:15:00.910000000,0,0,20600,{ },{ok}
846,2013-03-21 21:30:00.447000000,0,0,20760,{ },{ok}
847,2013-03-21 21:45:00.670000000,0,0,20900,{ },{ok}
848,2013-03-21 22:00:00.487000000,0,0,21060,{ },{ok}
849,2013-03-21 22:15:00.487000000,0,0,21220,{ },{ok}
850,2013-03-21 22:30:00.510000000,0,0,21340,{ },{ok}
851,2013-03-21 22:45:00.527000000,0,0,21480,{ },{ok}
852,2013-03-21 23:00:00.473000000,0,0,21640,{ },{ok}
853,2013-03-21 23:15:00.497000000,0,0,21740,{ },{ok}
854,2013-03-21 23:30:00.540000000,0,0,21860,{ },{ok}
855,2013-03-21 23:45:00.487000000,0,0,21980,{ },{ok}
856,2013-03-22 00:00:00.503000000,0,0,22100,{ },{ok}
857,2013-03-22 00:15:00.480000000,0,0,100,{ },{ok}
858,2013-03-22 00:30:00.463000000,0,0,200,{ },{ok}
859,2013-03-22 00:45:00.457000000,0,0,300,{ },{ok}
860,2013-03-22 01:00:00.517000000,0,0,420,{ },{ok}
861,2013-03-22 01:15:00.483000000,0,0,540,{ },{ok}
862,2013-03-22 01:30:01.533000000,0,0,660,{ },{ok}
863,2013-03-22 01:45:00.507000000,0,0,800,{ },{ok}
864,2013-03-22 02:00:00.477000000,0,0,900,{ },{ok}
865,2013-03-22 02:15:00.453000000,0,0,1040,{ },{ok}
866,2013-03-22 02:30:00.493000000,0,0,1160,{ },{ok}
867,2013-03-22 02:45:00.520000000,0,0,1280,{ },{ok}
868,2013-03-22 03:00:00.497000000,0,0,1420,{ },{ok}
869,2013-03-22 03:15:00.463000000,0,0,1540,{ },{ok}
870,2013-03-22 03:30:00.490000000,0,0,1660,{ },{ok}
871,2013-03-22 03:45:00.480000000,0,0,1800,{ },{ok}
872,2013-03-22 04:00:00.507000000,0,0,1920,{ },{ok}
873,2013-03-22 04:15:00.517000000,0,0,2040,{ },{ok}
874,2013-03-22 04:30:01.480000000,0,0,2160,{ },{ok}
875,2013-03-22 04:45:00.527000000,0,0,2260,{ },{ok}
876,2013-03-22 05:00:00.487000000,0,0,2360,{ },{ok}
877,2013-03-22 05:15:00.430000000,0,0,2460,{ },{ok}
878,2013-03-22 05:30:00.423000000,0,0,2580,{ },{ok}
879,2013-03-22 05:45:00.453000000,0,0,2680,{ },{ok}
880,2013-03-22 06:00:00.433000000,0,0,2800,{ },{ok}
881,2013-03-22 06:15:00.400000000,0,0,3080,{ },{ok}
882,2013-03-22 06:30:00.403000000,0,0,3380,{ },{ok}
883,2013-03-22 06:45:00.487000000,0,0,3680,{ },{ok}
884,2013-03-22 07:00:00.467000000,0,0,3980,{ },{ok}
885,2013-03-22 07:15:00.457000000,0,0,4300,{ },{ok}
886,2013-03-22 07:30:00.393000000,0,0,4600,{ },{ok}
887,2013-03-22 07:45:00.390000000,0,0,4920,{ },{ok}
888,2013-03-22 08:00:00.457000000,0,0,5240,{ },{ok}
889,2013-03-22 08:15:00.423000000,0,0,5560,{ },{ok}
890,2013-03-22 08:30:01.453000000,0,0,5860,{ },{ok}
891,2013-03-22 08:45:01.013000000,0,0,6200,{ },{ok}
892,2013-03-22 09:00:00.447000000,0,0,6520,{ },{ok}
893,2013-03-22 09:15:00.400000000,0,0,6860,{ },{ok}
894,2013-03-22 09:30:00.407000000,0,0,7160,{ },{ok}
895,2013-03-22 09:45:01.447000000,0,0,7500,{ },{ok}
896,2013-03-22 10:00:00.390000000,0,0,7820,{ },{ok}
897,2013-03-22 10:15:00.417000000,0,0,8140,{ },{ok}
898,2013-03-22 10:30:00.407000000,0,0,8480,{ },{ok}
899,2013-03-22 10:45:01.417000000,0,0,8800,{ },{ok}
900,2013-03-22 11:00:00.447000000,0,0,9120,{ },{ok}
901,2013-03-22 11:15:00.477000000,0,0,9440,{ },{ok}
902,2013-03-22 11:30:00.463000000,0,0,9760,{ },{ok}
903,2013-03-22 11:45:00.427000000,0,0,10080,{ },{ok}
904,2013-03-22 12:00:00.403000000,0,0,10400,{ },{ok}
905,2013-03-22 12:15:01.450000000,0,0,10740,{ },{ok}
906,2013-03-22 12:30:00.420000000,0,0,11060,{ },{ok}
907,2013-03-22 12:45:00.440000000,0,0,11380,{ },{ok}
908,2013-03-22 13:00:00.457000000,0,0,11720,{ },{ok}
909,2013-03-22 13:15:00.400000000,0,0,12040,{ },{ok}
910,2013-03-22 13:30:00.420000000,0,0,12360,{ },{ok}
911,2013-03-22 13:45:00.387000000,0,0,12680,{ },{ok}
912,2013-03-22 14:00:00.413000000,0,0,13000,{ },{ok}
913,2013-03-22 14:15:00.427000000,0,0,13320,{ },{ok}
914,2013-03-22 14:30:00.487000000,0,0,13660,{ },{ok}
915,2013-03-22 14:45:00.487000000,0,0,13980,{ },{ok}
916,2013-03-22 15:00:00.460000000,0,0,14320,{ },{ok}
917,2013-03-22 15:15:00.447000000,0,0,14640,{ },{ok}
918,2013-03-22 15:30:00.463000000,0,0,14960,{ },{ok}
919,2013-03-22 15:45:00.423000000,0,0,15280,{ },{ok}
920,2013-03-22 16:00:00.017000000,0,0,15580,{ },{ok}
921,2013-03-22 16:15:00.017000000,0,0,15920,{ },{ok}
922,2013-03-22 16:30:00.437000000,0,0,16240,{ },{ok}
923,2013-03-22 16:45:00.463000000,0,0,16560,{ },{ok}
924,2013-03-22 17:00:00.437000000,0,0,16860,{ },{ok}
925,2013-03-22 17:15:00.400000000,0,0,17180,{ },{ok}
926,2013-03-22 17:30:00.403000000,0,0,17500,{ },{ok}
927,2013-03-22 17:45:00.453000000,0,0,17820,{ },{ok}
928,2013-03-22 18:00:00.457000000,0,0,18140,{ },{ok}
929,2013-03-22 18:15:00.477000000,0,0,18460,{ },{ok}
930,2013-03-22 18:30:00.443000000,0,0,18760,{ },{ok}
931,2013-03-22 18:45:00.447000000,0,0,19060,{ },{ok}
932,2013-03-22 19:00:00.503000000,0,0,19360,{ },{ok}
933,2013-03-22 19:15:00.437000000,0,0,19580,{ },{ok}
934,2013-03-22 19:30:00.453000000,0,0,19760,{ },{ok}
935,2013-03-22 19:45:00.463000000,0,0,19960,{ },{ok}
936,2013-03-22 20:00:00.807000000,0,0,20140,{ },{ok}
937,2013-03-22 20:15:00.510000000,0,0,20320,{ },{ok}
938,2013-03-22 20:30:00.477000000,0,0,20520,{ },{ok}
939,2013-03-22 20:45:00.420000000,0,0,20700,{ },{ok}
940,2013-03-22 21:00:00.453000000,0,0,20880,{ },{ok}
941,2013-03-22 21:15:00.433000000,0,0,21000,{ },{ok}
942,2013-03-22 21:30:00.477000000,0,0,21100,{ },{ok}
943,2013-03-22 21:45:00.450000000,0,0,21200,{ },{ok}
944,2013-03-22 22:00:01.507000000,0,0,21300,{ },{ok}
945,2013-03-22 22:15:00.517000000,0,0,21380,{ },{ok}
946,2013-03-22 22:30:00.540000000,0,0,21480,{ },{ok}
947,2013-03-22 22:45:01.597000000,0,0,21580,{ },{ok}
948,2013-03-22 23:00:00.477000000,0,0,21680,{ },{ok}
949,2013-03-22 23:15:00.380000000,0,0,21780,{ },{ok}
950,2013-03-22 23:30:00.570000000,0,0,21880,{ },{ok}
951,2013-03-22 23:45:00.507000000,0,0,21980,{ },{ok}
952,2013-03-23 00:00:00.467000000,0,0,22060,{ },{ok}
953,2013-03-23 00:15:00.423000000,0,0,100,{ },{ok}
954,2013-03-23 00:30:01.413000000,0,0,200,{ },{ok}
955,2013-03-23 00:45:00.470000000,0,0,300,{ },{ok}
956,2013-03-23 01:00:00.437000000,0,0,380,{ },{ok}
957,2013-03-23 01:15:00.457000000,0,0,460,{ },{ok}
958,2013-03-23 01:30:00.450000000,0,0,560,{ },{ok}
959,2013-03-23 01:45:00.483000000,0,0,640,{ },{ok}
960,2013-03-23 02:00:00.450000000,0,0,740,{ },{ok}
961,2013-03-23 02:15:00.593000000,0,0,820,{ },{ok}
962,2013-03-23 02:30:00.527000000,0,0,920,{ },{ok}
963,2013-03-23 02:45:00.570000000,0,0,1020,{ },{ok}
964,2013-03-23 03:00:00.467000000,0,0,1100,{ },{ok}
965,2013-03-23 03:15:00.367000000,0,0,1200,{ },{ok}
966,2013-03-23 03:30:00.387000000,0,0,1300,{ },{ok}
967,2013-03-23 03:45:00.397000000,0,0,1400,{ },{ok}
968,2013-03-23 04:00:00.397000000,0,0,1500,{ },{ok}
969,2013-03-23 04:15:00.417000000,0,0,1600,{ },{ok}
970,2013-03-23 04:30:00.400000000,0,0,1700,{ },{ok}
971,2013-03-23 04:45:00.423000000,0,0,1800,{ },{ok}
972,2013-03-23 05:00:00.413000000,0,0,1900,{ },{ok}
973,2013-03-23 05:15:00.407000000,0,0,2000,{ },{ok}
974,2013-03-23 05:30:00.353000000,0,0,2080,{ },{ok}
975,2013-03-23 05:45:01.387000000,0,0,2180,{ },{ok}
976,2013-03-23 06:00:00.383000000,0,0,2280,{ },{ok}
977,2013-03-23 06:15:00.400000000,0,0,2380,{ },{ok}
978,2013-03-23 06:30:00.393000000,0,0,2480,{ },{ok}
979,2013-03-23 06:45:00.403000000,0,0,2580,{ },{ok}
980,2013-03-23 07:00:00.430000000,0,0,2680,{ },{ok}
981,2013-03-23 07:15:00.440000000,0,0,2760,{ },{ok}
982,2013-03-23 07:30:00.487000000,0,0,2860,{ },{ok}
983,2013-03-23 07:45:00.653000000,0,0,2960,{ },{ok}
984,2013-03-23 08:00:00.497000000,0,0,3060,{ },{ok}
985,2013-03-23 08:15:00.407000000,0,0,3180,{ },{ok}
986,2013-03-23 08:30:00.397000000,0,0,3480,{ },{ok}
987,2013-03-23 08:45:00.397000000,0,0,3780,{ },{ok}
988,2013-03-23 09:00:01.517000000,0,0,4060,{ },{ok}
989,2013-03-23 09:15:01.407000000,0,0,4360,{ },{ok}
990,2013-03-23 09:30:00.723000000,0,0,4660,{ },{ok}
991,2013-03-23 09:45:00.447000000,0,0,4960,{ },{ok}
992,2013-03-23 10:00:00.493000000,0,0,5260,{ },{ok}
993,2013-03-23 10:15:00.507000000,0,0,5540,{ },{ok}
994,2013-03-23 10:30:00.463000000,0,0,5840,{ },{ok}
995,2013-03-23 10:45:00.513000000,0,0,6140,{ },{ok}
996,2013-03-23 11:00:00.370000000,0,0,6440,{ },{ok}
997,2013-03-23 11:15:00.383000000,0,0,6740,{ },{ok}
998,2013-03-23 11:30:00.423000000,0,0,7040,{ },{ok}
999,2013-03-23 11:45:00.390000000,0,0,7340,{ },{ok}
1000,2013-03-23 12:00:00.413000000,0,0,7640,{ },{ok}
1001,2013-03-23 12:15:00.423000000,0,0,7920,{ },{ok}
1002,2013-03-23 12:30:00.410000000,0,0,8220,{ },{ok}
1003,2013-03-23 12:45:00.413000000,0,0,8520,{ },{ok}
1004,2013-03-23 13:00:00.417000000,0,0,8780,{ },{ok}
1005,2013-03-23 13:15:00.300000000,0,0,8960,{ },{ok}
1006,2013-03-23 13:30:00.423000000,0,0,9160,{ },{ok}
1007,2013-03-23 13:45:01.423000000,0,0,9340,{ },{ok}
1008,2013-03-23 14:00:00.420000000,0,0,9520,{ },{ok}
1009,2013-03-23 14:15:00.407000000,0,0,9720,{ },{ok}
1010,2013-03-23 14:30:00.387000000,0,0,9900,{ },{ok}
1011,2013-03-23 14:45:01.423000000,0,0,10100,{ },{ok}
1012,2013-03-23 15:00:00.457000000,0,0,10280,{ },{ok}
1013,2013-03-23 15:15:00.403000000,0,0,10460,{ },{ok}
1014,2013-03-23 15:30:00.410000000,0,0,10640,{ },{ok}
1015,2013-03-23 15:45:00.400000000,0,0,10840,{ },{ok}
1016,2013-03-23 16:00:00.363000000,0,0,11020,{ },{ok}
1017,2013-03-23 16:15:00.383000000,0,0,11200,{ },{ok}
1018,2013-03-23 16:30:00.407000000,0,0,11400,{ },{ok}
1019,2013-03-23 16:45:00.390000000,0,0,11580,{ },{ok}
1020,2013-03-23 17:00:00.393000000,0,0,11720,{ },{ok}
1021,2013-03-23 17:15:00.283000000,0,0,11820,{ },{ok}
1022,2013-03-23 17:30:00.390000000,0,0,11920,{ },{ok}
1023,2013-03-23 17:45:00.387000000,0,0,12020,{ },{ok}
1024,2013-03-23 18:00:00.377000000,0,0,12120,{ },{ok}
1025,2013-03-23 18:15:00.413000000,0,0,12200,{ },{ok}
1026,2013-03-23 18:30:00.420000000,0,0,12300,{ },{ok}
1027,2013-03-23 18:45:00.437000000,0,0,12400,{ },{ok}
1028,2013-03-23 19:00:00.410000000,0,0,12480,{ },{ok}
1029,2013-03-23 19:15:00.423000000,0,0,12580,{ },{ok}
1030,2013-03-23 19:30:00.423000000,0,0,12680,{ },{ok}
1031,2013-03-23 19:45:00.400000000,0,0,12780,{ },{ok}
1032,2013-03-23 20:00:00.427000000,0,0,12860,{ },{ok}
1033,2013-03-23 20:15:00.427000000,0,0,12960,{ },{ok}
1034,2013-03-23 20:30:00.467000000,0,0,13060,{ },{ok}
1035,2013-03-23 20:45:00.440000000,0,0,13140,{ },{ok}
1036,2013-03-23 21:00:00.430000000,0,0,13240,{ },{ok}
1037,2013-03-23 21:15:00.473000000,0,0,13340,{ },{ok}
1038,2013-03-23 21:30:01.443000000,0,0,13440,{ },{ok}
1039,2013-03-23 21:45:00.437000000,0,0,13520,{ },{ok}
1040,2013-03-23 22:00:00.467000000,0,0,13620,{ },{ok}
1041,2013-03-23 22:15:01.397000000,0,0,13700,{ },{ok}
1042,2013-03-23 22:30:01.453000000,0,0,13800,{ },{ok}
1043,2013-03-23 22:45:01.397000000,0,0,13880,{ },{ok}
1044,2013-03-23 23:00:01.463000000,0,0,13980,{ },{ok}
1045,2013-03-23 23:15:00.463000000,0,0,14080,{ },{ok}
1046,2013-03-23 23:30:00.467000000,0,0,14180,{ },{ok}
1047,2013-03-23 23:45:00.397000000,0,0,14260,{ },{ok}
1048,2013-03-24 00:00:00.400000000,0,0,14360,{ },{ok}
1049,2013-03-24 00:15:00.433000000,0,0,80,{ },{ok}
1050,2013-03-24 00:30:00.433000000,0,0,180,{ },{ok}
1051,2013-03-24 00:45:00.443000000,0,0,260,{ },{ok}
1052,2013-03-24 01:00:00.477000000,0,0,360,{ },{ok}
1053,2013-03-24 01:15:00.433000000,0,0,460,{ },{ok}
1054,2013-03-24 01:30:00.453000000,0,0,540,{ },{ok}
1055,2013-03-24 01:45:00.587000000,0,0,640,{ },{ok}
1056,2013-03-24 02:00:00.697000000,0,0,720,{ },{ok}
1057,2013-03-24 02:15:00.677000000,0,0,820,{ },{ok}
1058,2013-03-24 02:30:00.653000000,0,0,920,{ },{ok}
1059,2013-03-24 02:45:00.787000000,0,0,1000,{ },{ok}
1060,2013-03-24 03:00:01.617000000,0,0,1100,{ },{ok}
1061,2013-03-24 03:15:00.537000000,0,0,1180,{ },{ok}
1062,2013-03-24 03:30:01.497000000,0,0,1280,{ },{ok}
1063,2013-03-24 03:45:00.583000000,0,0,1360,{ },{ok}
1064,2013-03-24 04:00:00.610000000,0,0,1460,{ },{ok}
1065,2013-03-24 04:15:00.737000000,0,0,1560,{ },{ok}
1066,2013-03-24 04:30:00.730000000,0,0,1660,{ },{ok}
1067,2013-03-24 04:45:00.863000000,0,0,1760,{ },{ok}
1068,2013-03-24 05:00:00.840000000,0,0,1840,{ },{ok}
1069,2013-03-24 05:15:00.793000000,0,0,1940,{ },{ok}
1070,2013-03-24 05:30:01.023000000,0,0,2040,{ },{ok}
1071,2013-03-24 05:45:00.847000000,0,0,2140,{ },{ok}
1072,2013-03-24 06:00:00.680000000,0,0,2240,{ },{ok}
1073,2013-03-24 06:15:00.807000000,0,0,2340,{ },{ok}
1074,2013-03-24 06:30:00.697000000,0,0,2440,{ },{ok}
1075,2013-03-24 06:45:00.780000000,0,0,2540,{ },{ok}
1076,2013-03-24 07:00:00.797000000,0,0,2640,{ },{ok}
1077,2013-03-24 07:15:00.713000000,0,0,2740,{ },{ok}
1078,2013-03-24 07:30:00.603000000,0,0,2840,{ },{ok}
1079,2013-03-24 07:45:00.607000000,0,0,2940,{ },{ok}
1080,2013-03-24 08:00:00.570000000,0,0,3040,{ },{ok}
1081,2013-03-24 08:15:00.570000000,0,0,3140,{ },{ok}
1082,2013-03-24 08:30:00.643000000,0,0,3240,{ },{ok}
1083,2013-03-24 08:45:00.580000000,0,0,3340,{ },{ok}
1084,2013-03-24 09:00:00.720000000,0,0,3440,{ },{ok}
1085,2013-03-24 09:15:00.580000000,0,0,3540,{ },{ok}
1086,2013-03-24 09:30:00.600000000,0,0,3640,{ },{ok}
1087,2013-03-24 09:45:00.763000000,0,0,3740,{ },{ok}
1088,2013-03-24 10:00:00.467000000,0,0,3840,{ },{ok}
1089,2013-03-24 10:15:00.513000000,0,0,4040,{ },{ok}
1090,2013-03-24 10:30:00.443000000,0,0,4220,{ },{ok}
1091,2013-03-24 10:45:00.700000000,0,0,4420,{ },{ok}
1092,2013-03-24 11:00:00.447000000,0,0,4600,{ },{ok}
1093,2013-03-24 11:15:00.480000000,0,0,4800,{ },{ok}
1094,2013-03-24 11:30:00.433000000,0,0,5000,{ },{ok}
1095,2013-03-24 11:45:00.450000000,0,0,5180,{ },{ok}
1096,2013-03-24 12:00:00.463000000,0,0,5380,{ },{ok}
1097,2013-03-24 12:15:00.490000000,0,0,5580,{ },{ok}
1098,2013-03-24 12:30:00.507000000,0,0,5760,{ },{ok}
1099,2013-03-24 12:45:00.823000000,0,0,5960,{ },{ok}
1100,2013-03-24 13:00:00.450000000,0,0,6140,{ },{ok}
1101,2013-03-24 13:15:01.447000000,0,0,6320,{ },{ok}
1102,2013-03-24 13:30:00.523000000,0,0,6500,{ },{ok}
1103,2013-03-24 13:45:00.497000000,0,0,6680,{ },{ok}
1104,2013-03-24 14:00:00.820000000,0,0,6880,{ },{ok}
1105,2013-03-24 14:15:00.520000000,0,0,7040,{ },{ok}
1106,2013-03-24 14:30:00.493000000,0,0,7220,{ },{ok}
1107,2013-03-24 14:45:00.487000000,0,0,7400,{ },{ok}
1108,2013-03-24 15:00:00.497000000,0,0,7560,{ },{ok}
1109,2013-03-24 15:15:00.503000000,0,0,7720,{ },{ok}
1110,2013-03-24 15:30:00.510000000,0,0,7880,{ },{ok}
1111,2013-03-24 15:45:00.500000000,0,0,8040,{ },{ok}
1112,2013-03-24 16:00:00.500000000,0,0,8220,{ },{ok}
1113,2013-03-24 16:15:00.517000000,0,0,8380,{ },{ok}
1114,2013-03-24 16:30:01.493000000,0,0,8540,{ },{ok}
1115,2013-03-24 16:45:00.510000000,0,0,8700,{ },{ok}
1116,2013-03-24 17:00:00.517000000,0,0,8860,{ },{ok}
1117,2013-03-24 17:15:00.527000000,0,0,8980,{ },{ok}
1118,2013-03-24 17:30:01.523000000,0,0,9080,{ },{ok}
1119,2013-03-24 17:45:00.497000000,0,0,9160,{ },{ok}
1120,2013-03-24 18:00:00.500000000,0,0,9260,{ },{ok}
1121,2013-03-24 18:15:00.493000000,0,0,9340,{ },{ok}
1122,2013-03-24 18:30:00.480000000,0,0,9440,{ },{ok}
1123,2013-03-24 18:45:00.517000000,0,0,9540,{ },{ok}
1124,2013-03-24 19:00:00.497000000,0,0,9620,{ },{ok}
1125,2013-03-24 19:15:00.480000000,0,0,9720,{ },{ok}
1126,2013-03-24 19:30:00.493000000,0,0,9820,{ },{ok}
1127,2013-03-24 19:45:00.487000000,0,0,9900,{ },{ok}
1128,2013-03-24 20:00:00.393000000,0,0,10000,{ },{ok}
1129,2013-03-24 20:15:00.453000000,0,0,10100,{ },{ok}
1130,2013-03-24 20:30:01.563000000,0,0,10180,{ },{ok}
1131,2013-03-25 00:00:00.037000000,1,0,11480,{start},{ok}
1132,2013-03-25 00:15:00.840000000,0,0,100,{ },{ok}
1133,2013-03-25 00:30:00.467000000,0,0,200,{ },{ok}
1134,2013-03-25 00:45:00.487000000,0,0,280,{ },{ok}
1135,2013-03-25 01:00:00.440000000,0,0,380,{ },{ok}
1136,2013-03-25 01:15:00.353000000,0,0,460,{ },{ok}
1137,2013-03-25 01:30:00.427000000,0,0,560,{ },{ok}
1138,2013-03-25 01:45:00.737000000,0,0,640,{ },{ok}
1139,2013-03-25 02:00:00.427000000,0,0,740,{ },{ok}
1140,2013-03-25 02:15:00.437000000,0,0,820,{ },{ok}
1141,2013-03-25 02:30:00.427000000,0,0,920,{ },{ok}
1142,2013-03-25 02:45:00.383000000,0,0,1000,{ },{ok}
1143,2013-03-25 03:00:00.403000000,0,0,1100,{ },{ok}
1144,2013-03-25 03:15:00.440000000,0,0,1180,{ },{ok}
1145,2013-03-25 03:30:00.433000000,0,0,1280,{ },{ok}
1146,2013-03-25 03:45:00.430000000,0,0,1380,{ },{ok}
1147,2013-03-25 04:00:00.440000000,0,0,1480,{ },{ok}
1148,2013-03-25 04:15:00.453000000,0,0,1560,{ },{ok}
1149,2013-03-25 04:30:00.450000000,0,0,1660,{ },{ok}
1150,2013-03-25 04:45:00.707000000,0,0,1740,{ },{ok}
1151,2013-03-25 05:00:00.440000000,0,0,1840,{ },{ok}
1152,2013-03-25 05:15:00.437000000,0,0,1920,{ },{ok}
1153,2013-03-25 05:30:00.410000000,0,0,2020,{ },{ok}
1154,2013-03-25 05:45:00.387000000,0,0,2220,{ },{ok}
1155,2013-03-25 06:00:00.453000000,0,0,2520,{ },{ok}
1156,2013-03-25 06:15:01.377000000,0,0,2820,{ },{ok}
1157,2013-03-25 06:30:00.327000000,0,0,3120,{ },{ok}
1158,2013-03-25 06:45:00.373000000,0,0,3420,{ },{ok}
1159,2013-03-25 07:00:00.407000000,0,0,3720,{ },{ok}
1160,2013-03-25 07:15:00.383000000,0,0,4020,{ },{ok}
1161,2013-03-25 07:30:00.387000000,0,0,4340,{ },{ok}
1162,2013-03-25 07:45:00.390000000,0,0,4640,{ },{ok}
1163,2013-03-25 08:00:00.370000000,0,0,4960,{ },{ok}
1164,2013-03-25 08:15:00.390000000,0,0,5280,{ },{ok}
1165,2013-03-25 08:30:00.467000000,0,0,5620,{ },{ok}
1166,2013-03-25 08:45:00.437000000,0,0,5940,{ },{ok}
1167,2013-03-25 09:00:01.030000000,0,0,6260,{ },{ok}
1168,2013-03-25 09:15:00.043000000,0,0,6580,{ },{ok}
